'''''',,,
4001 South 700 East,Salt Lake City,UT,84107
1060 Dalton Ave S,Salt Lake City,UT,84115
1330 2100 S,Salt Lake City,UT,84106
1488 4800 S,Salt Lake City,UT,84103
177 W Price Ave,Salt Lake City,UT,84115
195 W Oakland Ave,Salt Lake City,UT,84111
2010 W 500 S,West Valley City,UT,84119
2300 Parkway Blvd,Salt Lake City,UT,84106
233 Canyon Rd,Salt Lake City,UT,84103
2530 S 500 E,Salt Lake City,UT,84103
2600 Taylorsville Blvd,Salt Lake City,UT,84105
2835 Main St,Salt Lake City,UT,84118
300 State St,West Valley City,UT,84119
3060 Lester St,Salt Lake City,UT,84104
3148 S 1100 W,Millcreek,UT,84117
3365 S 900 W,Holladay,UT,84117
3575 W Valley Central Station bus Loop,Holladay,UT,84117
3595 Main St,Salt Lake City,UT,84119
380 W 2880 S,Salt Lake City,UT,84123
410 S State St,Salt Lake City,UT,84115
4300 S 1300 E,Salt Lake City,UT,84115
4580 S 2300 E,Salt Lake City,UT,84115
5025 State St,Murray,UT,84121
5100 South 2700 West,Salt Lake City,UT,84118
5383 S 900 East #104,Murray,UT,84107
600 E 900 South,Salt Lake City,UT,84117
6351 South 900 East,Salt Lake City,UT,84117
